Card,Transaction Date,Post Date,Description,Category,Type,Amount,Memo
3749,03/19/2025,03/20/2025,Payment Thank You-Mobile,,Payment,1264.08,
3749,03/15/2025,03/16/2025,WALGREENS #5599,Health & Wellness,Sale,-22.45,
3749,03/15/2025,03/16/2025,SQ *HUMMUS MEDITERRANEAN,Food & Drink,Sale,-59.69,
3749,03/15/2025,03/16/2025,SQ *SAINT FRANK COFFEE,Food & Drink,Sale,-21.00,
3749,03/13/2025,03/14/2025,AMAZON MKTPL*5J45R8MC3,Merchandise & Inventory,Sale,-140.06,
3749,03/13/2025,03/14/2025,AMAZON MKTPL*Z864K8AO3,Merchandise & Inventory,Sale,-55.34,
3749,03/13/2025,03/14/2025,AMAZON MKTPL*AS38T6QI3,Merchandise & Inventory,Sale,-38.01,
3749,03/12/2025,03/13/2025,Amazon.com*V468Q31D3,Merchandise & Inventory,Sale,-22.81,
3749,03/12/2025,03/12/2025,AUTOMATIC PAYMENT - THANK,,Payment,750.96,
3749,03/09/2025,03/11/2025,IN-N-OUT AUBURN,Food & Drink,Sale,-22.63,
3749,03/09/2025,03/11/2025,SAFEWAY #1722,Food & Drink,Sale,-173.84,
3749,03/09/2025,03/10/2025,TST* MOE'S ORIGINAL BBQ -,Food & Drink,Sale,-65.79,
3749,03/07/2025,03/09/2025,SAFEWAY #2258,Food & Drink,Sale,-226.53,
3749,03/06/2025,03/09/2025,HABIT DIXON #256,Food & Drink,Sale,-22.19,
3749,03/03/2025,03/04/2025,UBER   *TRIP,Travel,Sale,-8.96,
3749,03/02/2025,03/03/2025,LUKE'S LOCAL UNION,Food & Drink,Sale,-27.02,
3749,03/01/2025,03/02/2025,UBER   *TRIP,Travel,Sale,-7.93,
3749,02/22/2025,02/24/2025,WASH KIOSK MOBILE,Miscellaneous,Sale,-15.00,
3749,02/21/2025,02/23/2025,SEARCHLIGHT MARKET,Food & Drink,Sale,-44.74,
3749,02/22/2025,02/23/2025,UBER   *TRIP,Travel,Sale,-11.93,
3749,02/21/2025,02/21/2025,Hubspot Inc.,Merchandise & Inventory,Sale,-20.00,
3749,02/17/2025,02/18/2025,CHIPOTLE 2316,Food & Drink,Sale,-11.64,
3749,02/16/2025,02/18/2025,WILDFLOUR BAKING COMPA,Food & Drink,Sale,-29.00,
3749,02/16/2025,02/18/2025,PARALLEL MOUNTIAN SPOR,Merchandise & Inventory,Sale,-46.01,
3749,02/17/2025,02/18/2025,BURGER ME - TRUCKEE,Food & Drink,Sale,-19.42,
3749,02/15/2025,02/17/2025,STARBUCKS STORE 24654,Food & Drink,Sale,-15.65,
3749,02/14/2025,02/16/2025,AMAZON MKTPL*X555F5BY3,Merchandise & Inventory,Sale,-32.58,
3749,02/14/2025,02/16/2025,TRADER JOE S #200,Food & Drink,Sale,-42.00,
3749,02/15/2025,02/16/2025,PANDA EXPRESS 761,Food & Drink,Sale,-14.76,
3749,02/14/2025,02/16/2025,SQ *HUMMUS MEDITERRANEAN,Food & Drink,Sale,-47.10,
3749,02/13/2025,02/14/2025,SQ *SAINT FRANK COFFEE,Food & Drink,Sale,-27.04,
3749,02/12/2025,02/12/2025,AUTOMATIC PAYMENT - THANK,,Payment,265.77,
3749,02/11/2025,02/12/2025,WALGREENS #5599,Health & Wellness,Sale,-4.33,
3749,02/09/2025,02/10/2025,Confiserie Sprungli AG V1,Food & Drink,Sale,-24.34,
3749,02/05/2025,02/06/2025,BAR RISTORANTE BONTADINI,Food & Drink,Sale,-20.78,
3749,02/05/2025,02/06/2025,AMAZON MKTPL*Z77OQ53C1,Merchandise & Inventory,Sale,-24.97,
3749,02/04/2025,02/05/2025,Ice Buffet Bar Pizzeria,Food & Drink,Sale,-38.70,
3749,02/02/2025,02/03/2025,Ice Buffet Bar Pizzeria,Food & Drink,Sale,-5.40,
3749,02/02/2025,02/03/2025,Champagner Bar,Food & Drink,Sale,-18.52,
3749,02/01/2025,02/02/2025,ANNUAL MEMBERSHIP FEE,Fees & Adjustments,Fee,-99.00,
3749,02/01/2025,02/02/2025,Coop Tankstelle,Gas,Sale,-2.20,
3749,01/29/2025,01/30/2025,AMAZON MKTPL*ZC01868S0,Merchandise & Inventory,Sale,-19.54,
3749,01/28/2025,01/30/2025,WASH KIOSK MOBILE,Miscellaneous,Sale,-15.00,
3749,01/29/2025,01/29/2025,Amazon.com*ZG7391Y81,Merchandise & Inventory,Sale,-29.27,
3749,01/26/2025,01/29/2025,TRADER JOE S #200,Food & Drink,Sale,-55.29,
3749,01/25/2025,01/28/2025,MARINA PIZZA &amp; PASTA,Food & Drink,Sale,-12.84,
3749,01/26/2025,01/28/2025,SPORTS BASEMENT PRESIDIO,Merchandise & Inventory,Sale,-7.82,
3749,01/26/2025,01/28/2025,UBER   *TRIP,Travel,Sale,-9.43,
3749,01/25/2025,01/28/2025,UBER   *TRIP,Travel,Sale,-19.35,
3749,01/25/2025,01/28/2025,WAYMO,Travel,Sale,-19.00,
3749,01/25/2025,01/28/2025,SQ *FLOW TEA LLC,Food & Drink,Sale,-7.00,
3749,01/25/2025,01/28/2025,BLUE FOG MARKET,Food & Drink,Sale,-33.78,
3749,01/25/2025,01/28/2025,UBER   *TRIP,Travel,Sale,-8.01,
3749,01/24/2025,01/26/2025,UBER   *TRIP,Travel,Sale,-10.80,
3749,01/23/2025,01/24/2025,SEARCHLIGHT MARKET,Food & Drink,Sale,-13.25,
3749,01/21/2025,01/22/2025,LYFT   *RIDE MON 5AM,Travel,Sale,-39.95,
3749,01/21/2025,01/21/2025,Amazon.com*Z59G316S1,Merchandise & Inventory,Sale,-17.83,
3749,01/21/2025,01/21/2025,Hubspot Inc.,Professional Services,Sale,-20.00,
3749,01/20/2025,01/20/2025,SQ *FIFTY LICKS,Food & Drink,Sale,-9.00,
3749,01/18/2025,01/20/2025,EXPRESS MARKET,Food & Drink,Sale,-3.09,
3749,01/19/2025,01/20/2025,WOOD VILLAGE BURRITO,Food & Drink,Sale,-12.63,
3749,01/18/2025,01/19/2025,SQ *HAVEN COFFEE CO.,Food & Drink,Sale,-3.75,
3749,01/18/2025,01/19/2025,SQ *NW 23RD PINE STATE BI,Food & Drink,Sale,-21.24,
3749,01/16/2025,01/17/2025,AMAZON MKTPL*Z56O118N0,Merchandise & Inventory,Sale,-86.83,
3749,01/15/2025,01/16/2025,UBER   *TRIP,Travel,Sale,-10.98,
3749,01/13/2025,01/15/2025,WASH KIOSK MOBILE,Miscellaneous,Sale,-15.00,
3749,01/12/2025,01/14/2025,TAQUERIA EL BURRITO,Food & Drink,Sale,-34.86,
3749,01/09/2025,01/12/2025,ARCO#07195ARCO #07195,Gas,Sale,-68.50,
3749,01/09/2025,01/12/2025,CHICK-FIL-A #03262,Food & Drink,Sale,-14.15,
3749,01/11/2025,01/12/2025,7-ELEVEN 23009,Gas,Sale,-35.95,
3749,01/09/2025,01/10/2025,American Eagle Outfitters,Merchandise & Inventory,Return,41.24,
3749,01/09/2025,01/10/2025,American Eagle Outfitters,Merchandise & Inventory,Return,47.59,
3749,01/08/2025,01/09/2025,AMAZON MKTPL*Z51K39Z52,Merchandise & Inventory,Sale,-19.54,
3749,01/05/2025,01/06/2025,UBER   *TRIP,Travel,Sale,-9.02,
3749,01/05/2025,01/06/2025,SQ *ARSICAULT,Food & Drink,Sale,-12.50,
3749,01/02/2025,01/05/2025,PAR*PITA PIT - MAMMOTH LA,Food & Drink,Sale,-14.32,
3749,01/02/2025,01/05/2025,TST*THAI SPICE RESTAURAN,Food & Drink,Sale,-101.54,
3749,01/02/2025,01/05/2025,IN-N-OUT DAVIS,Food & Drink,Sale,-6.60,
3749,01/02/2025,01/05/2025,IN-N-OUT DAVIS,Food & Drink,Sale,-11.64,
3749,01/03/2025,01/05/2025,UBER   *TRIP,Travel,Sale,-10.98,
3749,01/03/2025,01/03/2025,Payment Thank You - Web,,Payment,2357.83,
3749,01/01/2025,01/02/2025,SQ *LATIN MARKET,Food & Drink,Sale,-16.50,
3749,12/30/2024,01/01/2025,VONS #2400,Food & Drink,Sale,-78.46,
3749,12/29/2024,12/31/2024,WAVE RAVE MAMMOTH,Merchandise & Inventory,Sale,-16.33,
3749,12/30/2024,12/31/2024,SQ *CAPYBARA EMPANADAS,Food & Drink,Sale,-6.01,
3749,12/28/2024,12/30/2024,CHICK-FIL-A #04132,Food & Drink,Sale,-16.98,
3749,12/28/2024,12/30/2024,VONS #2400,Food & Drink,Sale,-339.04,
3749,12/27/2024,12/29/2024,SQ *PACIFIC CREST COFFEE,Food & Drink,Sale,-2.50,
3749,12/27/2024,12/29/2024,CHIPOTLE 2146,Food & Drink,Sale,-18.41,
3749,12/27/2024,12/29/2024,BLUE LAKE BEAR INC,Food & Drink,Sale,-3.80,
3749,12/27/2024,12/29/2024,MCDONALD'S F6832,Food & Drink,Sale,-12.99,
3749,12/27/2024,12/29/2024,SQ *PACIFIC CREST COFFEE,Food & Drink,Sale,-4.50,
3749,12/26/2024,12/27/2024,CHEVRON 0090071,Gas,Sale,-162.83,
3749,12/25/2024,12/27/2024,76 - INCLINE 76,Gas,Sale,-2.99,
3749,12/24/2024,12/26/2024,ARCO#83938COLFAX AUBURN,Gas,Sale,-70.52,
3749,12/24/2024,12/25/2024,MCDONALD'S F17885,Food & Drink,Sale,-18.00,
3749,12/24/2024,12/25/2024,AA GAS INC,Gas,Sale,-3.08,
3749,12/22/2024,12/24/2024,WASH KIOSK MOBILE,Miscellaneous,Sale,-15.00,
3749,12/22/2024,12/23/2024,SEARCHLIGHT MARKET,Food & Drink,Sale,-18.95,
3749,12/21/2024,12/22/2024,Hubspot Inc.,Professional Services,Sale,-20.00,
3749,12/21/2024,12/22/2024,SQ *TORRAKU RAMEN - LOMBA,Food & Drink,Sale,-22.79,
3749,12/21/2024,12/22/2024,SQ *SAINT FRANK COFFEE,Food & Drink,Sale,-20.80,
3749,12/19/2024,12/20/2024,SEARCHLIGHT MARKET,Food & Drink,Sale,-6.69,
3749,12/19/2024,12/20/2024,AMAZON MKTPL*Z167222C1,Merchandise & Inventory,Sale,-6.51,
3749,12/19/2024,12/20/2024,AMZN Mktp US*Z95WW24K0,Merchandise & Inventory,Sale,-507.81,
3749,12/19/2024,12/20/2024,AMAZON MKTPL*Z91MA7ST2,Merchandise & Inventory,Sale,-27.15,
3749,12/19/2024,12/20/2024,AMZN Mktp US*Z96X938K2,Merchandise & Inventory,Sale,-54.29,
3749,12/16/2024,12/17/2024,AMAZON MKTPL*ZX9KQ5YL1,Merchandise & Inventory,Sale,-199.91,
3749,12/15/2024,12/16/2024,UB - UNITED PACIFIC 54,Gas,Sale,-30.22,
3749,12/14/2024,12/16/2024,TRADER JOE S #066,Food & Drink,Sale,-13.48,
3749,12/14/2024,12/15/2024,Amazon.com*ZX06S15K1,Merchandise & Inventory,Sale,-16.79,
3749,12/14/2024,12/15/2024,AMAZON MKTPL*Z13MI0X02,Merchandise & Inventory,Sale,-44.82,
3749,12/13/2024,12/13/2024,LYFT   *1 RIDE 12-11,Travel,Sale,-18.02,
3749,12/12/2024,12/13/2024,SP STOKO USA,Health & Wellness,Sale,-334.57,
3749,12/11/2024,12/12/2024,UBER   *TRIP,Travel,Sale,-14.91,
3749,12/10/2024,12/11/2024,UBER   *TRIP,Travel,Sale,-10.38,
3749,12/10/2024,12/11/2024,UBER   *TRIP,Travel,Sale,-8.78,
3749,12/10/2024,12/10/2024,Payment Thank You - Web,,Payment,1944.88,
3749,12/10/2024,12/10/2024,HIMS &amp; HERS HEALTH,Health & Wellness,Sale,-175.00,
3749,12/09/2024,12/10/2024,UBER   *TRIP,Travel,Sale,-18.02,
3749,12/08/2024,12/09/2024,UBER   *TRIP,Travel,Sale,-13.09,
3749,12/07/2024,12/09/2024,SPORTS BASEMENT U102,Merchandise & Inventory,Sale,-83.02,
3749,12/07/2024,12/09/2024,SAFEWAY #1711,Food & Drink,Sale,-82.45,
3749,12/06/2024,12/08/2024,AMAZON MKTPL*ZR2A265R2,Merchandise & Inventory,Sale,-10.85,
3749,12/06/2024,12/08/2024,Amazon.com*ZR4HB6P22,Merchandise & Inventory,Sale,-15.82,
3749,12/06/2024,12/08/2024,AMAZON MKTPL*ZR3EU7P72,Merchandise & Inventory,Sale,-16.28,
3749,12/07/2024,12/08/2024,UBER   *TRIP,Travel,Sale,-11.91,
3749,12/05/2024,12/08/2024,SAFEWAY #4601,Food & Drink,Sale,-20.99,
3749,12/04/2024,12/06/2024,WASH KIOSK MOBILE,Miscellaneous,Sale,-15.00,
3749,12/04/2024,12/05/2024,Amazon.com*ZL7ZC4SI0,Merchandise & Inventory,Sale,-253.32,
3749,12/01/2024,12/03/2024,SAFEWAY #1711,Food & Drink,Sale,-86.15,
3749,12/02/2024,12/03/2024,AMAZON MKTPL*ZL5WO0X52,Merchandise & Inventory,Sale,-13.02,
3749,12/02/2024,12/03/2024,AMZN Mktp US*ZL47P6CX1,Merchandise & Inventory,Sale,-183.58,
3749,12/01/2024,12/02/2024,UBER   *TRIP,Travel,Sale,-9.59,
3749,12/01/2024,12/02/2024,WALGREENS #5599,Health & Wellness,Sale,-15.42,
3749,12/01/2024,12/02/2024,UBER   *TRIP,Travel,Sale,-12.93,
3749,12/01/2024,12/02/2024,AMAZON MKTPL*Z33I08SN1,Merchandise & Inventory,Sale,-65.87,
3749,11/27/2024,11/28/2024,ARCO#00230SILVER OIL SER,Gas,Sale,-11.09,
3749,11/26/2024,11/27/2024,UBER   *TRIP,Travel,Sale,-10.90,
3749,11/26/2024,11/27/2024,UBER   *TRIP,Travel,Sale,-10.11,
3749,11/24/2024,11/25/2024,SQ *SAINT FRANK COFFEE,Food & Drink,Sale,-28.60,
3749,11/25/2024,11/25/2024,SP SKIESSENTIALS,Merchandise & Inventory,Sale,-391.01,
3749,11/22/2024,11/25/2024,WASH KIOSK MOBILE,Miscellaneous,Sale,-15.00,
3749,11/24/2024,11/25/2024,UBER   *TRIP,Travel,Sale,-10.32,
3749,11/23/2024,11/24/2024,SQ *PHILZ COFFEE,Food & Drink,Sale,-16.45,
3749,11/21/2024,11/22/2024,LYFT   *1 RIDE 11-20,Travel,Sale,-11.95,
3749,11/21/2024,11/22/2024,AMAZON MKTPL*0T4H83X63,Merchandise & Inventory,Sale,-87.45,
3749,11/21/2024,11/21/2024,Hubspot Inc.,Professional Services,Sale,-20.00,
3749,11/17/2024,11/19/2024,FUEL 24 7 AT LOMBARD,Gas,Sale,-15.05,
3749,11/17/2024,11/19/2024,TRADER JOE S #200,Food & Drink,Sale,-42.68,
3749,11/16/2024,11/17/2024,UBER   *TRIP,Travel,Sale,-20.08,
3749,11/15/2024,11/17/2024,ALIMENTO,Food & Drink,Sale,-8.48,
3749,11/16/2024,11/17/2024,SQ *REVEILLE COFFEE CO.,Food & Drink,Sale,-5.15,
3749,11/15/2024,11/17/2024,SEARCHLIGHT MARKET,Food & Drink,Sale,-5.75,
3749,11/16/2024,11/17/2024,UBER   *TRIP,Travel,Sale,-27.55,
3749,11/15/2024,11/15/2024,PURCHASE INTEREST CHARGE,Fees & Adjustments,Fee,-52.25,
3749,11/12/2024,11/15/2024,Returned Payment,,Reversal,-2100.44,
3749,11/14/2024,11/15/2024,SQ *SAM'S BURGERS,Food & Drink,Sale,-10.04,
3749,11/14/2024,11/15/2024,SQ *SAM'S BURGERS,Food & Drink,Sale,-32.35,
3749,11/14/2024,11/15/2024,MARA S ITALIAN PASTRY,Food & Drink,Sale,-7.25,
3749,11/15/2024,11/15/2024,Payment Thank You - 2nd A,,Payment,2100.44,
3749,11/13/2024,11/14/2024,Payment Thank You - Web,,Payment,1262.86,
3749,11/12/2024,11/14/2024,CIAO POST SAN (CP),Food & Drink,Sale,-4.15,
3749,11/14/2024,11/14/2024,UBER   *TRIP,Travel,Sale,-27.99,
3749,11/12/2024,11/13/2024,SQ *MEDRY LIMOUSINE SERVI,Travel,Sale,-93.00,
3749,11/12/2024,11/13/2024,UBER   *TRIP,Travel,Sale,-41.68,
3749,11/11/2024,11/13/2024,MAJOR MARKET,Food & Drink,Sale,-2.64,
3749,11/11/2024,11/13/2024,DENNY'S #6876,Food & Drink,Sale,-26.62,
3749,11/12/2024,11/12/2024,AUTOMATIC PAYMENT - THANK,,Payment,2100.44,
3749,11/10/2024,11/11/2024,UBER   *TRIP,Travel,Sale,-7.94,
3749,11/10/2024,11/11/2024,UBER   *TRIP,Travel,Sale,-8.96,
3749,11/09/2024,11/10/2024,TST* ILLY CAFFE SFG - AIR,Food & Drink,Sale,-14.80,
3749,11/08/2024,11/10/2024,BI-RITE MARKET,Food & Drink,Sale,-11.00,
3749,11/09/2024,11/10/2024,UBER   *TRIP,Travel,Sale,-10.04,
3749,11/08/2024,11/10/2024,LYFT   *1 RIDE 11-07,Travel,Sale,-14.47,
3749,11/10/2024,11/10/2024,UBER   *TRIP,Travel,Sale,-33.38,
3749,11/09/2024,11/10/2024,UBER   *TRIP,Travel,Sale,-12.26,
3749,11/06/2024,11/07/2024,UBER   *TRIP,Travel,Sale,-19.56,
3749,11/02/2024,11/04/2024,SAFEWAY #1711,Food & Drink,Sale,-76.23,
3749,11/02/2024,11/03/2024,UBER   *TRIP,Travel,Sale,-12.39,
3749,11/03/2024,11/03/2024,UBER   *TRIP,Travel,Sale,-7.22,
3749,11/02/2024,11/03/2024,SQ *REVEILLE COFFEE CO.,Food & Drink,Sale,-9.76,
3749,11/02/2024,11/03/2024,UBER   *TRIP,Travel,Sale,-11.95,
3749,11/01/2024,11/03/2024,UBER   *TRIP,Travel,Sale,-11.98,
3749,10/30/2024,10/31/2024,MIDWAY BAR AND GRILL,Food & Drink,Sale,-30.00,
3749,10/30/2024,10/31/2024,AMAZON MKTPL*643UZ0CO3,Merchandise & Inventory,Sale,-31.35,
3749,10/30/2024,10/31/2024,MIDWAY BAR AND GRILL,Food & Drink,Sale,-14.00,
3749,10/27/2024,10/28/2024,UBER   *TRIP,Travel,Sale,-10.00,
3749,10/25/2024,10/27/2024,SQ *CHAMBERS EAT + DRINK,Food & Drink,Sale,-71.78,
3749,10/25/2024,10/27/2024,SEARCHLIGHT MARKET,Food & Drink,Sale,-14.50,
3749,10/24/2024,10/27/2024,WASH KIOSK MOBILE,Miscellaneous,Sale,-15.00,
3749,10/26/2024,10/27/2024,LUKE'S LOCAL,Food & Drink,Sale,-30.88,
3749,10/26/2024,10/27/2024,UBER   *TRIP,Travel,Sale,-8.19,
3749,10/25/2024,10/27/2024,American Eagle Outfitters,Merchandise & Inventory,Sale,-167.62,
3749,10/23/2024,10/25/2024,High Horse SF,Food & Drink,Sale,-21.76,
3749,10/22/2024,10/23/2024,AMAZON MKTPL*E17KH6WN3,Merchandise & Inventory,Sale,-69.72,
3749,10/23/2024,10/23/2024,SQ *PIAZZA PELLEGRINI,Food & Drink,Sale,-85.36,
3749,10/20/2024,10/22/2024,TRADER JOE S #019,Food & Drink,Sale,-73.78,
3749,10/20/2024,10/22/2024,SAFEWAY #1711,Food & Drink,Sale,-7.84,
3749,10/20/2024,10/21/2024,ZA PIZZA,Food & Drink,Sale,-7.00,
3749,10/20/2024,10/21/2024,UBER   *TRIP,Travel,Sale,-7.34,
3749,10/21/2024,10/21/2024,Hubspot Inc.,Professional Services,Sale,-20.00,
3749,10/19/2024,10/20/2024,TST* JACK'S BREWING CO.,Food & Drink,Sale,-22.54,
3749,10/17/2024,10/20/2024,MACYS  PLEASANTON,Merchandise & Inventory,Return,336.72,
3749,10/18/2024,10/20/2024,MENS WEARHOUSE #2156,Merchandise & Inventory,Sale,-225.20,
3749,10/16/2024,10/17/2024,THE UPS STORE 0051,Office & Shipping,Sale,-8.68,
3749,10/16/2024,10/17/2024,Amazon.com*WK38O7DL3,Merchandise & Inventory,Sale,-58.38,
3749,10/13/2024,10/14/2024,TST*SOUVLA- MARINA,Food & Drink,Sale,-40.19,
3749,10/13/2024,10/14/2024,UBER   *TRIP,Travel,Sale,-10.19,
3749,10/11/2024,10/14/2024,WMCROSSWINE,Food & Drink,Sale,-16.38,
3749,10/13/2024,10/14/2024,SQ *MARTHA'S,Food & Drink,Sale,-14.50,
3749,10/12/2024,10/13/2024,SOUTHWES    5262570411768,Travel,Sale,-197.96,
3749,10/11/2024,10/13/2024,UNION STREET PRODUCE,Food & Drink,Sale,-9.08,
3749,10/10/2024,10/11/2024,Amazon.com*TX7998503,Merchandise & Inventory,Sale,-82.49,
3749,10/10/2024,10/10/2024,IKON PASS,Entertainment,Sale,-879.00,
3749,10/07/2024,10/08/2024,BRAIN.FM* TRIAL OVER,Entertainment,Sale,-69.99,
3749,10/06/2024,10/07/2024,SQ *LA BOULANGERIE - COLE,Food & Drink,Sale,-14.33,
3749,10/06/2024,10/07/2024,SQ *FOR THE RECORD,Food & Drink,Sale,-37.22,
3749,10/06/2024,10/07/2024,BENIHANA SAN FRANCISCO,Food & Drink,Sale,-26.18,
3749,10/07/2024,10/07/2024,UBER   *TRIP,Travel,Sale,-22.57,
3749,10/05/2024,10/06/2024,UBER   *TRIP,Travel,Sale,-11.46,
3749,10/04/2024,10/06/2024,Amazon.com*1R74T3EG3,Merchandise & Inventory,Sale,-70.45,
3749,10/05/2024,10/06/2024,SQ *SAINT FRANK COFFEE,Food & Drink,Sale,-27.04,
3749,10/03/2024,10/04/2024,AMZN Mktp US*HJ2VO7WE3,Merchandise & Inventory,Sale,-21.53,
3749,10/02/2024,10/04/2024,WASH KIOSK MOBILE,Miscellaneous,Sale,-15.00,
3749,10/02/2024,10/03/2024,UBER   *TRIP,Travel,Sale,-11.11,
3749,10/03/2024,10/03/2024,LYFT   *1 RIDE 10-01,Travel,Sale,-18.98,
3749,10/03/2024,10/03/2024,AMAZON MKTPL*0Q3W28BL3,Merchandise & Inventory,Sale,-6.48,
3749,10/01/2024,10/02/2024,LYFT   *1 RIDE 09-30,Travel,Sale,-29.11,
3749,09/30/2024,10/01/2024,UBER   *TRIP,Travel,Sale,-10.32,
3749,09/30/2024,10/01/2024,UBER   *TRIP,Travel,Sale,-13.48,
3749,09/30/2024,10/01/2024,UBER   *TRIP,Travel,Sale,-10.45,
3749,09/29/2024,09/30/2024,EINSTEIN'S TERMINAL 1,Food & Drink,Sale,-10.48,
3749,09/28/2024,09/29/2024,SQ *STEADY STATE ROASTING,Food & Drink,Sale,-23.76,
3749,09/28/2024,09/29/2024,SQ *HANDEL'S HOMEMADE ICE,Food & Drink,Sale,-9.00,
3749,09/28/2024,09/29/2024,UBER   *TRIP,Travel,Sale,-34.48,
3749,09/27/2024,09/29/2024,Amazon.com*SD76X6NO3,Merchandise & Inventory,Sale,-206.38,
3749,09/28/2024,09/29/2024,TST* PURE TACO,Food & Drink,Sale,-22.33,
3749,09/28/2024,09/29/2024,TST* RITUAL COFFEE AT SFO,Food & Drink,Sale,-8.62,
3749,09/28/2024,09/29/2024,EB *10 YEAR REUNION MS,Office & Shipping,Sale,-5.00,
3749,09/28/2024,09/29/2024,UBER   *TRIP,Travel,Sale,-17.43,
3749,09/26/2024,09/27/2024,STREET TACO,Food & Drink,Sale,-21.73,
3749,09/27/2024,09/27/2024,UBER   *TRIP,Travel,Sale,-37.77,
3749,09/26/2024,09/26/2024,SQ *HINODEYA RAMEN DOWNTO,Food & Drink,Sale,-30.31,
3749,09/25/2024,09/26/2024,AMAZON MKTPL*L07S93AH3,Merchandise & Inventory,Sale,-15.63,
3749,09/24/2024,09/26/2024,TST*TONYS PIZZA NAPOLETA,Food & Drink,Sale,-118.71,
3749,09/24/2024,09/25/2024,SFMTA CIT PYMNT WEB,Bills & Utilities,Sale,-117.00,
3749,09/24/2024,09/25/2024,AMAZON MKTPL*LY0PR1LP3,Merchandise & Inventory,Sale,-93.04,
3749,09/24/2024,09/24/2024,Payment Thank You - Web,,Payment,4088.36,
3749,09/22/2024,09/23/2024,ARCO#03002BIUON INC,Gas,Sale,-74.33,
3749,09/21/2024,09/23/2024,WMCROSSWINE,Food & Drink,Sale,-17.46,
3749,09/19/2024,09/22/2024,ONEMED-TWO EMBARCADERO CT,Health & Wellness,Sale,-20.00,
3749,09/21/2024,09/22/2024,Hubspot Inc.,Professional Services,Sale,-20.00,
3749,09/21/2024,09/22/2024,SQ *SAM'S BURGERS,Food & Drink,Sale,-13.03,
3749,09/17/2024,09/19/2024,SOUTHWES    5262561504319,Travel,Sale,-387.96,
3749,09/17/2024,09/19/2024,TRADER JOE S #019,Food & Drink,Sale,-38.65,
3749,09/17/2024,09/18/2024,MACYS   .COM,Merchandise & Inventory,Sale,-291.29,
3749,09/17/2024,09/18/2024,MACYS   .COM,Merchandise & Inventory,Sale,-201.64,
3749,09/17/2024,09/17/2024,UBER   *TRIP,Travel,Sale,-33.94,
3749,09/16/2024,09/17/2024,UBER   *TRIP,Travel,Sale,-21.57,
3749,09/15/2024,09/16/2024,ADP SJD AEROMARKET 2,Travel,Sale,-3.91,
3749,09/15/2024,09/16/2024,REST A LOS C T2 PAN EX,Food & Drink,Sale,-16.53,
3749,09/13/2024,09/15/2024,RESTAURANT TORO DLLS 2,Food & Drink,Sale,-804.36,
3749,09/12/2024,09/15/2024,REST CANTO SIRENAS USD,Food & Drink,Sale,-994.23,
3749,09/12/2024,09/13/2024,QUESTRO GOLF,Health & Wellness,Sale,-65.00,
3749,09/12/2024,09/13/2024,MERPAGO*SURFINCABO,Merchandise & Inventory,Sale,-61.69,
3749,09/12/2024,09/12/2024,UBER   *TRIP,Travel,Sale,-80.33,
3749,09/07/2024,09/09/2024,DEL MAR SF,Food & Drink,Sale,-27.72,
3749,09/08/2024,09/09/2024,UBER   *TRIP,Travel,Sale,-10.98,
3749,09/08/2024,09/09/2024,REDS JAVA HOUSE,Food & Drink,Sale,-34.33,
3749,09/08/2024,09/09/2024,SQ *GASTROBOTEATS ï¿½ SUMAC,Food & Drink,Sale,-19.55,
3749,09/06/2024,09/09/2024,DEL MAR SF,Food & Drink,Sale,-39.10,
3749,09/08/2024,09/09/2024,SQ *DIPLO 5K MASCOT SPORT,Food & Drink,Sale,-24.98,
3749,09/07/2024,09/08/2024,UBER   *TRIP,Travel,Sale,-11.93,
3749,09/07/2024,09/08/2024,Fever*The Empire Strips B,Entertainment,Sale,-104.86,
3749,09/05/2024,09/06/2024,UBER   *TRIP,Travel,Sale,-12.95,
3749,09/06/2024,09/06/2024,UBER   *TRIP,Travel,Sale,-20.96,
3749,09/05/2024,09/06/2024,SEARCHLIGHT MARKET,Food & Drink,Sale,-23.76,
3749,09/04/2024,09/05/2024,LYFT   *1 RIDE 09-03,Travel,Sale,-34.99,
3749,09/03/2024,09/05/2024,TRADER JOE S #019,Food & Drink,Sale,-48.03,
3749,09/03/2024,09/04/2024,LYFT   *2 RIDES 09-02,Travel,Sale,-60.65,
3749,09/02/2024,09/03/2024,Coop-1320 Horw,Food & Drink,Sale,-24.22,
3749,09/01/2024,09/02/2024,SBB CFF FFS Mobile Ticket,Travel,Sale,-4.13,
3749,08/31/2024,09/01/2024,Coop-5857 LU City K,Food & Drink,Sale,-4.73,
3749,08/30/2024,09/01/2024,Jungfrau Gastronomie A,Food & Drink,Sale,-5.72,
3749,08/30/2024,09/01/2024,Coop-5653 Grindelwald Ter,Food & Drink,Sale,-8.16,
3749,08/31/2024,09/01/2024,Coop-2529 LU City Rest,Food & Drink,Sale,-1.18,
3749,08/29/2024,08/30/2024,Fotohaus Fritz Lauener AG,Merchandise & Inventory,Sale,-14.80,
3749,08/29/2024,08/30/2024,Coop-1720 Murren,Food & Drink,Sale,-1.67,
3749,08/29/2024,08/30/2024,Coop-1826 Wengen,Food & Drink,Sale,-2.74,
3749,08/28/2024,08/29/2024,Coop-1954 Interlak,Food & Drink,Sale,-7.26,
3749,08/28/2024,08/29/2024,Coop-4579 Interlaken,Food & Drink,Sale,-19.92,
3749,08/26/2024,08/27/2024,SUMUP  *JJIMM GMBH,Food & Drink,Sale,-23.63,
3749,08/25/2024,08/26/2024,CASAMIA ZERMATT,Food & Drink,Sale,-38.51,
3749,08/25/2024,08/26/2024,Denner Satellit 5336 Zerm,Food & Drink,Sale,-5.61,
3749,08/25/2024,08/26/2024,Yosemite SA,Merchandise & Inventory,Sale,-59.07,
3749,08/23/2024,08/25/2024,Jungfrau Gastronomie A,Food & Drink,Sale,-15.08,
3749,08/24/2024,08/25/2024,Take it Doener,Food & Drink,Sale,-15.95,
3749,08/22/2024,08/25/2024,STC Switzerland Travel Ce,Travel,Sale,-147.00,
3749,08/22/2024,08/23/2024,SBB Bahnhof Flughafen,Travel,Sale,-69.47,
3749,08/22/2024,08/23/2024,Helvetia Cafe Bar,Food & Drink,Sale,-6.12,
3749,08/22/2024,08/23/2024,Coop-5725 ZH Airport S. t,Food & Drink,Sale,-7.89,
3749,08/22/2024,08/23/2024,Coop-5744 BE Marktgasse,Food & Drink,Sale,-4.36,
3749,08/22/2024,08/23/2024,k kiosk Airport Ankunft,Food & Drink,Sale,-5.83,
3749,08/21/2024,08/22/2024,UBER   *TRIP,Travel,Sale,-17.60,
3749,08/21/2024,08/21/2024,Hubspot Inc.,Professional Services,Sale,-20.00,
3749,08/19/2024,08/19/2024,Payment Thank You - Web,,Payment,3051.46,
3749,08/15/2024,08/19/2024,INTEREST CHARGE REVERSAL,Fees & Adjustments,Refund,37.90,
3749,08/12/2024,08/19/2024,INTEREST CHARGE REVERSAL,Fees & Adjustments,Refund,0.10,
3749,08/12/2024,08/19/2024,Late Fee Reversal,Fees & Adjustments,Refund,40.00,
3749,08/16/2024,08/19/2024,WASH KIOSK MOBILE,Miscellaneous,Sale,-15.00,
3749,08/16/2024,08/18/2024,AMAZON MKTPL*RU0LV8522,Merchandise & Inventory,Sale,-38.86,
3749,08/15/2024,08/15/2024,PURCHASE INTEREST CHARGE,Fees & Adjustments,Fee,-37.90,
3749,08/14/2024,08/15/2024,AMAZON MKTPL*RM4C17ID1,Merchandise & Inventory,Sale,-10.85,
3749,08/13/2024,08/13/2024,UBER   TRIP,Travel,Sale,-20.90,
3749,08/12/2024,08/12/2024,LATE FEE,Fees & Adjustments,Fee,-40.00,
3749,08/12/2024,08/12/2024,FESTIVAL B* BARS,Food & Drink,Sale,-21.02,
3749,08/11/2024,08/12/2024,DRAGONEATS,Food & Drink,Sale,-24.98,
3749,08/11/2024,08/12/2024,LYFT   *1 RIDE 08-09,Travel,Sale,-11.67,
3749,08/09/2024,08/12/2024,EL RANCHO GRANDE TAQUERIA,Food & Drink,Sale,-20.91,
3749,08/11/2024,08/12/2024,SPO*BLUEBARNCOLEVALLEY,Food & Drink,Sale,-30.91,
3749,08/11/2024,08/12/2024,SQ *OUTSIDE LANDS MUSIC F,Entertainment,Sale,-21.24,
3749,08/10/2024,08/12/2024,EL RANCHO GRANDE AT HAIGH,Food & Drink,Sale,-32.74,
3749,08/11/2024,08/12/2024,FESTIVAL B* BARS,Food & Drink,Sale,-21.02,
3749,08/12/2024,08/12/2024,FESTIVAL B* BARS,Food & Drink,Sale,-21.02,
3749,08/11/2024,08/12/2024,UBER   TRIP,Travel,Sale,-19.25,
3749,08/10/2024,08/11/2024,FESTIVAL B* BARS,Food & Drink,Sale,-17.31,
3749,08/10/2024,08/11/2024,UBER   TRIP,Travel,Sale,-12.42,
3749,08/10/2024,08/11/2024,FESTIVAL B* BARS,Food & Drink,Sale,-22.25,
3749,08/09/2024,08/11/2024,FESTIVAL B* BARS,Food & Drink,Sale,-63.05,
3749,08/10/2024,08/11/2024,SQ *FLYWHEEL COFFEE ROAST,Food & Drink,Sale,-10.25,
3749,08/09/2024,08/11/2024,UBER   TRIP,Travel,Sale,-14.96,
3749,08/10/2024,08/11/2024,FESTIVAL B* BARS,Food & Drink,Sale,-15.21,
3749,08/09/2024,08/11/2024,UBER   TRIP,Travel,Sale,-23.90,
3749,08/08/2024,08/09/2024,UBER   TRIP,Travel,Sale,-7.26,
3749,08/04/2024,08/06/2024,ARCO#07133ARCO #07133,Gas,Sale,-71.87,
3749,08/02/2024,08/05/2024,HARPER  RYE,Food & Drink,Sale,-59.22,
3749,08/03/2024,08/05/2024,SWENSENS,Miscellaneous,Sale,-19.00,
3749,08/04/2024,08/04/2024,DD *DOORDASH BLUEFOGMA,Food & Drink,Sale,-73.32,
3749,08/02/2024,08/04/2024,TST*TONYS PIZZA NAPOLETA,Food & Drink,Sale,-15.70,
3749,08/02/2024,08/04/2024,UBER   TRIP,Travel,Sale,-14.95,
3749,07/31/2024,08/02/2024,TST*ELEPHANT SUSHI - GRO,Food & Drink,Sale,-50.00,
3749,07/31/2024,08/01/2024,UBER   TRIP,Travel,Sale,-9.93,
3749,07/28/2024,07/30/2024,TRADER JOE S #200,Food & Drink,Sale,-84.28,
3749,07/28/2024,07/30/2024,SAFEWAY #2286,Food & Drink,Sale,-8.99,
3749,07/27/2024,07/28/2024,AMAZON MKTPL*RV1CV7PC2,Merchandise & Inventory,Sale,-97.77,
3749,07/26/2024,07/28/2024,CHIPOTLE 1405,Food & Drink,Sale,-18.67,
3749,07/27/2024,07/28/2024,7-ELEVEN 14077,Gas,Sale,-16.18,
3749,07/26/2024,07/28/2024,UBER   TRIP,Travel,Sale,-12.82,
3749,07/24/2024,07/26/2024,WASH KIOSK MOBILE,Miscellaneous,Sale,-15.00,
3749,07/23/2024,07/25/2024,UNITED      0162407272027,Travel,Sale,-775.53,
3749,07/23/2024,07/24/2024,HIMS &amp; HERS HEALTH,Health & Wellness,Sale,-175.00,
3749,07/22/2024,07/23/2024,SFMTA CIT PYMNT WEB,Bills & Utilities,Sale,-211.00,
3749,07/21/2024,07/23/2024,SQ *MADRONA BAKERY,Food & Drink,Sale,-3.00,
3749,07/19/2024,07/21/2024,J &amp; H GROCERY,Food & Drink,Sale,-20.73,
3749,07/19/2024,07/21/2024,WWW.BODYSPEC.COM,Health & Wellness,Sale,-59.95,
3749,07/19/2024,07/21/2024,TRADER JOE S #200,Food & Drink,Sale,-50.92,
3749,07/20/2024,07/21/2024,AMAZON MKTPL*RJ51433A0,Merchandise & Inventory,Sale,-163.29,
3749,07/21/2024,07/21/2024,Hubspot Inc.,Professional Services,Sale,-20.00,
3749,07/16/2024,07/17/2024,AMAZON MKTPL*RS78H9L02,Merchandise & Inventory,Sale,-38.16,
3749,07/14/2024,07/15/2024,CHIPOTLE 0182,Food & Drink,Sale,-3.36,
3749,07/14/2024,07/15/2024,CHIPOTLE 0182,Food & Drink,Sale,-16.36,
3749,07/12/2024,07/15/2024,HARD ROCK HOTEL &amp; CASINO,Travel,Sale,-25.00,
3749,07/14/2024,07/15/2024,FUEL 4 LESS,Gas,Sale,-67.74,
3749,07/13/2024,07/15/2024,SAFEWAY #1824,Food & Drink,Sale,-22.72,
3749,07/13/2024,07/14/2024,DRINK COFFEE SLT,Food & Drink,Sale,-13.06,
3749,07/11/2024,07/12/2024,COFFEE CONNEXION,Food & Drink,Sale,-5.20,
3749,07/11/2024,07/12/2024,SQ *THANIA'S JUICE BAR,Food & Drink,Sale,-8.61,
3749,07/11/2024,07/12/2024,CKE*CHICO'S BURGER SOUTH,Food & Drink,Sale,-42.50,
3749,07/11/2024,07/12/2024,SQ *SOUTH LAKE BREWING CO,Food & Drink,Sale,-10.44,
3749,07/10/2024,07/11/2024,CHIPOTLE 0704,Food & Drink,Sale,-11.53,
3749,07/08/2024,07/09/2024,AZ STAR PETROLEUM,Gas,Sale,-69.05,
3749,07/07/2024,07/08/2024,UBER   TRIP,Travel,Sale,-34.96,
3749,07/07/2024,07/08/2024,LA VICTORIA TAQUERIA 1,Food & Drink,Sale,-30.95,
3749,07/04/2024,07/07/2024,STINSON BEACH MARKET,Food & Drink,Sale,-8.09,
3749,07/04/2024,07/07/2024,STINSON BEACH MARKET,Food & Drink,Sale,-15.26,
3749,07/04/2024,07/05/2024,BOVINE BAKERY,Food & Drink,Sale,-6.37,
3749,07/03/2024,07/05/2024,SAFEWAY #4601,Food & Drink,Sale,-42.88,
3749,07/04/2024,07/05/2024,BOVINE BAKERY,Food & Drink,Sale,-3.50,
3749,07/03/2024,07/03/2024,Payment Thank You - Web,,Payment,2293.86,
3749,07/01/2024,07/03/2024,SP 260ONLINE,Merchandise & Inventory,Return,31.28,
3749,06/29/2024,07/01/2024,THE BUENA VISTA CAFE,Food & Drink,Sale,-18.00,
3749,06/30/2024,07/01/2024,SQ *HOOK FISH CO.,Food & Drink,Sale,-29.23,
3749,06/30/2024,07/01/2024,UBER   TRIP,Travel,Sale,-16.98,
3749,06/29/2024,07/01/2024,THE FLY TRAP,Food & Drink,Sale,-33.15,
3749,06/29/2024,06/30/2024,HOG ISLAND SF,Food & Drink,Sale,-25.96,
3749,06/29/2024,06/30/2024,UBER   TRIP,Travel,Sale,-10.98,
3749,06/29/2024,06/30/2024,SQ *BAR PART TIME,Food & Drink,Sale,-56.21,
3749,06/29/2024,06/30/2024,SQ *MAISON NICO,Food & Drink,Sale,-16.29,
3749,06/29/2024,06/30/2024,UBER   TRIP,Travel,Sale,-17.94,
3749,06/29/2024,06/30/2024,SQ *COMPTON'S COFFEE HOUS,Food & Drink,Sale,-9.75,
3749,06/28/2024,06/30/2024,SP 260ONLINE,Merchandise & Inventory,Sale,-54.92,
3749,06/23/2024,06/25/2024,POLK STREET MARKET,Food & Drink,Sale,-45.54,
3749,06/22/2024,06/24/2024,CAMPUS,Food & Drink,Sale,-33.00,
3749,06/22/2024,06/23/2024,SQ *FOR THE RECORD,Food & Drink,Sale,-51.84,
3749,06/22/2024,06/23/2024,SEARCHLIGHT MARKET,Food & Drink,Sale,-54.38,
3749,06/20/2024,06/23/2024,CHICK-FIL-A #03805,Food & Drink,Sale,-23.42,
3749,06/20/2024,06/23/2024,RALEY S #309,Food & Drink,Sale,-18.63,
3749,06/20/2024,06/23/2024,TRADER JOE S #200,Food & Drink,Sale,-66.19,
3749,06/21/2024,06/23/2024,MCDONALD'S F5294,Food & Drink,Sale,-16.02,
3749,06/20/2024,06/23/2024,SHANNON'S MINI MART,Gas,Sale,-79.16,
3749,06/21/2024,06/21/2024,Hubspot Inc.,Professional Services,Sale,-20.00,
3749,06/19/2024,06/21/2024,SAFEWAY #0962,Food & Drink,Sale,-39.24,
3749,06/20/2024,06/20/2024,AMAZON MKTPL*FQ2NC7FK3,Merchandise & Inventory,Sale,-14.11,
3749,06/19/2024,06/20/2024,AMAZON MKTPL*U35AT4KK3,Merchandise & Inventory,Sale,-22.47,
3749,06/18/2024,06/19/2024,AMAZON MKTPL*VE46W0KC3,Merchandise & Inventory,Sale,-15.20,
3749,06/18/2024,06/18/2024,UBER   TRIP,Travel,Sale,-13.60,
3749,06/15/2024,06/17/2024,TST* CAFFE ACRI,Food & Drink,Sale,-12.45,
3749,06/15/2024,06/17/2024,MIKE'S BIKES OF SAUSALITO,Merchandise & Inventory,Sale,-12.98,
3749,06/16/2024,06/17/2024,UBER   TRIP,Travel,Sale,-14.44,
3749,06/15/2024,06/16/2024,SQ *HOOK FISH CO.,Food & Drink,Sale,-50.88,
3749,06/15/2024,06/16/2024,AMAZON MKTPL*KR1CR32X3,Merchandise & Inventory,Sale,-8.68,
3749,06/12/2024,06/14/2024,WASH KIOSK MOBILE,Miscellaneous,Sale,-15.00,
3749,06/12/2024,06/13/2024,UBER   TRIP,Travel,Sale,-22.45,
3749,06/09/2024,06/11/2024,TST* GOTTS ROADSIDE - OX,Food & Drink,Sale,-31.23,
3749,06/11/2024,06/11/2024,UBER   TRIP,Travel,Sale,-13.60,
3749,06/08/2024,06/10/2024,BONITA TAQUERIA  ROTISSE,Food & Drink,Sale,-55.89,
3749,06/09/2024,06/10/2024,UBER   TRIP,Travel,Sale,-31.06,
3749,06/08/2024,06/09/2024,SQ *MONARCH BEVERAGE CATE,Food & Drink,Sale,-22.00,
3749,06/08/2024,06/09/2024,SQ *MONARCH BEVERAGE CATE,Food & Drink,Sale,-30.00,
3749,06/07/2024,06/09/2024,UBER   TRIP,Travel,Sale,-15.95,
3749,06/08/2024,06/09/2024,UBER   TRIP,Travel,Sale,-10.98,
3749,06/07/2024,06/09/2024,TST* EL TECHO,Food & Drink,Sale,-71.31,
3749,06/08/2024,06/09/2024,SQ *PIZZELLE DI NORTH BEA,Food & Drink,Sale,-12.22,
3749,06/08/2024,06/09/2024,UBER   TRIP,Travel,Sale,-10.92,
3749,06/08/2024,06/09/2024,SQ *LE PETIT PARIS 75 LLC,Food & Drink,Sale,-117.43,
3749,06/06/2024,06/07/2024,AMZN Mktp US*UZ6YV87O3,Merchandise & Inventory,Sale,-35.84,
3749,06/05/2024,06/06/2024,SPO*MALIBUFARMTIBURON,Food & Drink,Sale,-90.01,
3749,06/03/2024,06/05/2024,TRADER JOE S #019,Food & Drink,Sale,-12.98,
3749,06/03/2024,06/05/2024,TRADER JOE S #019,Food & Drink,Sale,-40.97,
3749,06/03/2024,06/04/2024,AMZN Mktp US*O812706T3,Merchandise & Inventory,Sale,-14.11,
3749,06/02/2024,06/03/2024,SQ *UNION STREET FESTIVAL,Entertainment,Sale,-25.63,
3749,06/01/2024,06/03/2024,EL CAPITAN TAQUERIA,Food & Drink,Sale,-14.32,
3749,06/02/2024,06/03/2024,TST* PACIFIC CATCH - SF C,Food & Drink,Sale,-58.12,
3749,06/02/2024,06/03/2024,UBER   TRIP,Travel,Sale,-10.93,
3749,06/01/2024,06/02/2024,SQ *1015 FOLSOM,Food & Drink,Sale,-27.48,
3749,06/01/2024,06/02/2024,CHIPOTLE 1566,Food & Drink,Sale,-13.14,
3749,06/01/2024,06/02/2024,SQ *1015 FOLSOM,Food & Drink,Sale,-27.48,
3749,05/30/2024,05/31/2024,UBER   TRIP,Travel,Sale,-16.93,
3749,05/30/2024,05/31/2024,TST* SOUVLA- NOPA,Food & Drink,Sale,-25.25,
3749,05/30/2024,05/31/2024,DICE.FM,Entertainment,Sale,-62.32,
3749,05/27/2024,05/29/2024,WASH KIOSK MOBILE,Miscellaneous,Sale,-15.00,
3749,05/27/2024,05/28/2024,SEARCHLIGHT MARKET,Food & Drink,Sale,-22.92,
3749,05/27/2024,05/28/2024,UBER   TRIP,Travel,Sale,-11.91,
3749,05/27/2024,05/28/2024,UBER   TRIP,Travel,Sale,-23.73,
3749,05/25/2024,05/27/2024,HOUSE OF NANKING,Food & Drink,Sale,-231.51,
3749,05/24/2024,05/26/2024,SEE TICKETS,Entertainment,Sale,-62.26,
3749,05/25/2024,05/26/2024,Payment Thank You - Web,,Payment,1657.68,
3749,05/23/2024,05/26/2024,TST* BURMA LOVE - VALENCI,Food & Drink,Sale,-89.34,
3749,05/22/2024,05/23/2024,SQ *Z CIOCCOLATO,Food & Drink,Sale,-22.40,
3749,05/23/2024,05/23/2024,AMZN Mktp US*7M06A9CL3,Merchandise & Inventory,Sale,-21.87,
3749,05/21/2024,05/22/2024,LYFT   *RIDE MON 8AM,Travel,Sale,-19.72,
3749,05/21/2024,05/21/2024,Hubspot Inc.,Professional Services,Sale,-20.00,
3749,05/17/2024,05/20/2024,CAFE MEUSE WINE BAR AN,Food & Drink,Sale,-26.00,
3749,05/19/2024,05/20/2024,SQ *BEIT RIMA,Food & Drink,Sale,-57.95,
3749,05/18/2024,05/20/2024,NORTH BEACH FOOD MART,Food & Drink,Sale,-24.49,
3749,05/19/2024,05/20/2024,STREET TACO,Food & Drink,Sale,-46.17,
3749,05/19/2024,05/20/2024,TST* EQUATOR COFFEES - FO,Food & Drink,Sale,-24.67,
3749,05/19/2024,05/20/2024,SQ *BEIT RIMA,Food & Drink,Sale,-6.82,
3749,05/17/2024,05/19/2024,TRADER JOE S #200,Food & Drink,Sale,-73.75,
3749,05/17/2024,05/19/2024,SP 5TH &amp; BALDWIN,Merchandise & Inventory,Sale,-9.99,
3749,05/17/2024,05/19/2024,SP GLADE OPTICS,Merchandise & Inventory,Sale,-107.54,
3749,05/17/2024,05/19/2024,INKIFI,Repair & Maintenance,Sale,-67.35,
3749,05/10/2024,05/13/2024,TUPELO,Food & Drink,Sale,-26.72,
3749,05/11/2024,05/13/2024,NEW AGE CAMERA,Merchandise & Inventory,Sale,-190.18,
3749,05/11/2024,05/12/2024,FUEL 24-7 LUCKY DRIVE,Gas,Sale,-62.36,
3749,05/10/2024,05/12/2024,TST* MEZCALITO,Food & Drink,Sale,-19.22,
3749,05/12/2024,05/12/2024,LYFT   *1 RIDE 05-10,Travel,Sale,-16.52,
3749,05/11/2024,05/12/2024,SQ *REVEILLE COFFEE CO.,Food & Drink,Sale,-5.15,
3749,05/11/2024,05/12/2024,SQ *MAISON NICO,Food & Drink,Sale,-7.00,
3749,05/09/2024,05/10/2024,UBER   TRIP,Travel,Sale,-19.90,
3749,05/10/2024,05/10/2024,UBER   TRIP,Travel,Sale,-31.95,
3749,05/07/2024,05/08/2024,AMZN Mktp US*GT3O938E3,Merchandise & Inventory,Sale,-7.81,
3749,05/07/2024,05/08/2024,Amazon.com*SW7GE7WK3,Merchandise & Inventory,Sale,-32.48,
3749,05/05/2024,05/06/2024,PEET'S #21502,Food & Drink,Sale,-8.34,
3749,05/05/2024,05/06/2024,AMZN Mktp US*199O336G3,Merchandise & Inventory,Sale,-32.53,
3749,05/05/2024,05/06/2024,UBER   TRIP,Travel,Sale,-16.89,
3749,05/04/2024,05/06/2024,GEORGE'S MARKET,Food & Drink,Sale,-31.05,
3749,05/05/2024,05/06/2024,UBER   TRIP,Travel,Sale,-14.97,
3749,05/03/2024,05/05/2024,UBER   TRIP,Travel,Sale,-10.95,
3749,05/03/2024,05/05/2024,UBER   TRIP,Travel,Sale,-12.94,
3749,05/02/2024,05/03/2024,SQ *ORPHEUM THEATRE,Food & Drink,Sale,-54.40,
3749,05/01/2024,05/03/2024,WASH KIOSK MOBILE,Miscellaneous,Sale,-15.00,
3749,05/01/2024,05/02/2024,AMZN Mktp US*255WE80N3,Merchandise & Inventory,Sale,-17.81,
3749,05/01/2024,05/02/2024,AMZN Mktp US*RR8CQ1HL2,Merchandise & Inventory,Sale,-36.21,
3749,04/30/2024,05/01/2024,UBER   TRIP,Travel,Sale,-15.93,
3749,04/29/2024,04/30/2024,EB GENAI SUMMIT SAN F,Office & Shipping,Sale,-214.19,
3749,04/30/2024,04/30/2024,UBER   TRIP,Travel,Sale,-14.96,
3749,04/29/2024,04/29/2024,Payment Thank You - Web,,Payment,1368.59,
3749,04/28/2024,04/29/2024,SPIN (BIRD* PENDING.BI,Travel,Sale,-17.44,
3749,04/27/2024,04/29/2024,PAT BRICKS VALERO,Gas,Sale,-104.51,
3749,04/28/2024,04/29/2024,UBER   TRIP,Travel,Sale,-11.95,
3749,04/27/2024,04/29/2024,7-ELEVEN 26596,Gas,Sale,-19.82,
3749,04/28/2024,04/29/2024,SQ *HOOK FISH CO.,Food & Drink,Sale,-59.78,
3749,04/27/2024,04/28/2024,TST* THAI SPICE RESTAURAN,Food & Drink,Sale,-93.25,
3749,04/25/2024,04/28/2024,TACO BELL #031685,Food & Drink,Sale,-20.50,
3749,04/27/2024,04/28/2024,LYFT   1 RIDE 04-25,Travel,Sale,-17.35,
3749,04/25/2024,04/26/2024,AMZN Mktp US*CX88K3EJ3,Merchandise & Inventory,Sale,-10.81,
3749,04/25/2024,04/25/2024,UBER   TRIP,Travel,Sale,-27.59,
3749,04/24/2024,04/25/2024,UBER   TRIP,Travel,Sale,-22.91,
3749,04/22/2024,04/24/2024,BURGER KING #8446,Food & Drink,Sale,-14.85,
3749,04/23/2024,04/24/2024,AMZN Mktp US*GS34F1UG3,Merchandise & Inventory,Sale,-19.37,
3749,04/22/2024,04/24/2024,COUNTRY MART GAS &amp; FOOD,Gas,Sale,-4.94,
3749,04/22/2024,04/23/2024,AMZN Mktp US*ON0EA1AE3,Merchandise & Inventory,Sale,-21.71,
3749,04/22/2024,04/23/2024,1177 TEJON MEGA OUTLET,Merchandise & Inventory,Sale,-81.27,
3749,04/22/2024,04/23/2024,CHIPOTLE 1420,Food & Drink,Sale,-11.10,
3749,04/21/2024,04/22/2024,SQ *COACHELLA VALLEY MUSI,Food & Drink,Sale,-56.55,
3749,04/21/2024,04/22/2024,SQ *COACHELLA VALLEY MUSI,Food & Drink,Sale,-34.80,
3749,04/21/2024,04/22/2024,SQ *COACHELLA VALLEY MUSI,Food & Drink,Sale,-48.94,
3749,04/22/2024,04/22/2024,SQ *COACHELLA VALLEY MUSI,Food & Drink,Sale,-16.31,
3749,04/18/2024,04/21/2024,STARBUCKS STORE 03462,Food & Drink,Sale,-10.40,
3749,04/19/2024,04/21/2024,SQ *COACHELLA VALLEY MUSI,Food & Drink,Sale,-32.62,
3749,04/20/2024,04/21/2024,SQ *COACHELLA VALLEY MUSI,Food & Drink,Sale,-17.40,
3749,04/19/2024,04/21/2024,UBER   EATS,Food & Drink,Sale,-63.52,
3749,04/20/2024,04/21/2024,SQ *COACHELLA VALLEY MUSI,Food & Drink,Sale,-16.31,
3749,04/19/2024,04/21/2024,STATERBROS094,Food & Drink,Sale,-211.93,
3749,04/18/2024,04/21/2024,SHELL OIL 10007167025,Gas,Sale,-11.09,
3749,04/19/2024,04/21/2024,SP PRIMAL WEAR,Merchandise & Inventory,Sale,-82.50,
3749,04/18/2024,04/21/2024,SHELL OIL 10007167025,Gas,Sale,-7.39,
3749,04/21/2024,04/21/2024,Hubspot Inc.,Professional Services,Sale,-20.00,
3749,04/19/2024,04/21/2024,SQ *COACHELLA VALLEY MUSI,Food & Drink,Sale,-35.89,
3749,04/18/2024,04/19/2024,PROFESSOR SEAGULLS SMARTS,Food & Drink,Sale,-141.22,
3749,04/18/2024,04/19/2024,LAS DELICIAS MEXICAN TAQ,Food & Drink,Sale,-15.46,
3749,04/17/2024,04/18/2024,AMZN Mktp US*XX9NV4GA3,Merchandise & Inventory,Sale,-54.10,
3749,04/16/2024,04/17/2024,AMZN Mktp US*ER9239Y13,Merchandise & Inventory,Sale,-13.53,
3749,04/16/2024,04/16/2024,Payment Thank You - Web,,Payment,1256.17,
3749,04/16/2024,04/16/2024,AMZN Mktp US*G63MY7OM3,Merchandise & Inventory,Sale,-4.28,
3749,04/15/2024,04/16/2024,WALGREENS #15127,Health & Wellness,Sale,-3.89,
3749,04/15/2024,04/16/2024,TST* FLORES - UNION,Food & Drink,Sale,-60.75,
3749,04/16/2024,04/16/2024,AMZN Mktp US*G71SG2503,Merchandise & Inventory,Sale,-64.06,
3749,04/13/2024,04/15/2024,PAPA`S KITCHEN,Food & Drink,Sale,-64.29,
3749,04/12/2024,04/15/2024,THE INDEPENDENT,Food & Drink,Sale,-54.97,
3749,04/12/2024,04/15/2024,THE INDEPENDENT,Food & Drink,Sale,-42.47,
3749,04/14/2024,04/15/2024,UBER   TRIP,Travel,Sale,-17.91,
3749,04/13/2024,04/14/2024,SQ *MYTHIC PIZZA,Food & Drink,Sale,-17.10,
3749,04/13/2024,04/14/2024,76 - DIVISADERO 76,Gas,Sale,-14.75,
3749,04/13/2024,04/14/2024,UBER   TRIP,Travel,Sale,-32.73,
3749,04/13/2024,04/14/2024,LYFT   *1 RIDE 04-11,Travel,Sale,-13.99,
3749,04/13/2024,04/14/2024,UBER   TRIP,Travel,Sale,-9.99,
3749,04/12/2024,04/14/2024,SQ *MAISON NICO,Food & Drink,Sale,-23.50,
3749,04/11/2024,04/12/2024,SQ *HOME COFFEE ROASTERS,Food & Drink,Sale,-5.16,
3749,04/12/2024,04/12/2024,UBER   TRIP,Travel,Sale,-13.09,
3749,04/10/2024,04/11/2024,BURLINGAME ORTHO &amp; SPOR,Health & Wellness,Sale,-40.00,
3749,04/10/2024,04/11/2024,UBER   TRIP,Travel,Sale,-14.26,
3749,04/11/2024,04/11/2024,UBER   TRIP,Travel,Sale,-13.63,
3749,04/09/2024,04/10/2024,WHOLEFDS STN 10362,Food & Drink,Sale,-28.59,
3749,04/09/2024,04/10/2024,UBER   TRIP,Travel,Sale,-14.99,
3749,04/06/2024,04/08/2024,THE MIDWAY,Food & Drink,Sale,-39.86,
3749,04/07/2024,04/08/2024,UBER   TRIP,Travel,Sale,-37.02,
3749,04/06/2024,04/08/2024,THE MIDWAY,Food & Drink,Sale,-29.24,
3749,04/07/2024,04/08/2024,SQ *SHARED CULTURES LLC,Food & Drink,Sale,-60.00,
3749,04/07/2024,04/08/2024,UBER   TRIP,Travel,Sale,-10.96,
3749,04/07/2024,04/08/2024,SPORTS BASEMENT PRESIDIO,Merchandise & Inventory,Sale,-50.00,
3749,04/07/2024,04/08/2024,SP TINY BADGER CERAM,Merchandise & Inventory,Sale,-26.94,
3749,04/08/2024,04/08/2024,SQ *TORRAKU RAMEN - LOMBA,Food & Drink,Sale,-32.92,
3749,04/07/2024,04/08/2024,TST* FLOUR &amp;  WATER PIZZE,Food & Drink,Sale,-149.33,
3749,04/06/2024,04/07/2024,TCKTWEB*THEEMONIGHTTOU,Entertainment,Sale,-32.42,
3749,04/06/2024,04/07/2024,UBER   TRIP,Travel,Sale,-14.93,
3749,04/06/2024,04/07/2024,SQ *SHELTON THEATER,Education,Sale,-15.39,
3749,04/06/2024,04/07/2024,UBER   TRIP,Travel,Sale,-10.95,
3749,04/06/2024,04/07/2024,UBER   TRIP,Travel,Sale,-9.92,
3749,04/03/2024,04/05/2024,TRATTORIA CONTADINA,Food & Drink,Sale,-88.04,
3749,04/04/2024,04/04/2024,AMZN Mktp US*M17FQ2933,Merchandise & Inventory,Sale,-37.96,
3749,04/01/2024,04/02/2024,UBER   TRIP,Travel,Sale,-10.99,
3749,03/31/2024,04/01/2024,UBER   TRIP,Travel,Sale,-19.97,
3749,03/31/2024,04/01/2024,AMZN Mktp US*RA7Z76X21,Merchandise & Inventory,Sale,-34.73,
3749,03/31/2024,04/01/2024,SP DRINK LMNT  INC.,Food & Drink,Sale,-90.00,
3749,03/31/2024,03/31/2024,Payment Thank You - Web,,Payment,1133.54,
3749,03/29/2024,03/31/2024,UBER   TRIP,Travel,Sale,-14.94,
3749,03/31/2024,03/31/2024,LYFT   1 RIDE 03-29,Travel,Sale,-18.24,
3749,03/28/2024,03/29/2024,UBER   TRIP,Travel,Sale,-13.96,
3749,03/26/2024,03/26/2024,UBER   TRIP,Travel,Sale,-9.92,
3749,03/24/2024,03/25/2024,UBER   TRIP,Travel,Sale,-8.41,
3749,03/24/2024,03/25/2024,UBER   TRIP,Travel,Sale,-11.93,
3749,03/23/2024,03/25/2024,TST* TACKO - SAN FRANCISC,Food & Drink,Sale,-31.30,
3749,03/20/2024,03/22/2024,TST* CAMINO ALTO,Food & Drink,Sale,-498.22,
3749,03/20/2024,03/22/2024,SWENSENS,Miscellaneous,Sale,-9.00,
3749,03/21/2024,03/22/2024,SignUp *DiplosRunClubSanF,Entertainment,Sale,-53.00,
3749,03/21/2024,03/22/2024,UBER   TRIP,Travel,Sale,-11.90,
3749,03/19/2024,03/21/2024,CILANTRO SF TAQUERIA,Food & Drink,Sale,-11.25,
3749,03/21/2024,03/21/2024,UBER   TRIP,Travel,Sale,-9.92,
3749,03/20/2024,03/21/2024,UBER   TRIP,Travel,Sale,-10.32,
3749,03/19/2024,03/21/2024,WASH KIOSK MOBILE,Miscellaneous,Sale,-15.00,
3749,03/20/2024,03/20/2024,Hubspot Inc.,Professional Services,Sale,-20.00,
3749,03/20/2024,03/20/2024,UBER   TRIP,Travel,Sale,-9.99,
3749,03/19/2024,03/20/2024,UBER   TRIP,Travel,Sale,-9.92,
3749,03/15/2024,03/18/2024,WESTWOOD,Food & Drink,Sale,-27.38,
3749,03/15/2024,03/18/2024,UBER   TRIP,Travel,Sale,-9.96,
3749,03/15/2024,03/18/2024,UBER   TRIP,Travel,Sale,-15.98,
3749,03/17/2024,03/17/2024,Payment Thank You - Web,,Payment,1122.20,
3749,03/16/2024,03/17/2024,UBER   TRIP,Travel,Sale,-15.68,
3749,03/16/2024,03/17/2024,SQ *CELESTE,Food & Drink,Sale,-76.91,
3749,03/16/2024,03/17/2024,UBER   TRIP,Travel,Sale,-10.93,
3749,03/15/2024,03/17/2024,BALBOA CAFE,Food & Drink,Sale,-57.71,
3749,03/16/2024,03/17/2024,UBER   TRIP,Travel,Sale,-9.95,
3749,03/14/2024,03/17/2024,THE INDEPENDENT,Food & Drink,Sale,-13.74,
3749,03/16/2024,03/17/2024,UBER   TRIP,Travel,Sale,-10.91,
3749,03/15/2024,03/17/2024,FOOL`S ERRAND,Food & Drink,Sale,-150.35,
3749,03/15/2024,03/15/2024,PURCHASE INTEREST CHARGE,Fees & Adjustments,Fee,-5.59,
3749,03/13/2024,03/15/2024,CHINA LIVE,Food & Drink,Sale,-288.98,
3749,03/14/2024,03/15/2024,AMZN Mktp US*RH9IX2OM0,Merchandise & Inventory,Sale,-16.27,
3749,03/14/2024,03/14/2024,UBER   TRIP,Travel,Sale,-23.06,
3749,03/13/2024,03/14/2024,UBER   TRIP,Travel,Sale,-19.92,
3749,03/12/2024,03/13/2024,SEARCHLIGHT MARKET,Food & Drink,Sale,-26.02,
3749,03/12/2024,03/12/2024,LATE FEE,Fees & Adjustments,Fee,-40.00,
3749,03/11/2024,03/12/2024,AMZN Mktp US*R616U1Q00,Merchandise & Inventory,Sale,-24.96,
3749,03/11/2024,03/12/2024,UBER   TRIP,Travel,Sale,-10.92,
3749,03/11/2024,03/12/2024,UBER   TRIP,Travel,Sale,-13.91,
3749,03/10/2024,03/11/2024,SILVER PESO BAR,Food & Drink,Sale,-52.00,
3749,03/09/2024,03/11/2024,EL CAPITAN TAQUERIA,Food & Drink,Sale,-28.39,
3749,03/10/2024,03/11/2024,UBER   TRIP,Travel,Sale,-9.95,
3749,03/10/2024,03/11/2024,LYFT   1 RIDE 03-08,Travel,Sale,-33.40,
3749,03/08/2024,03/11/2024,HARPER  RYE,Food & Drink,Sale,-52.50,
3749,03/08/2024,03/10/2024,STARBUCKS STORE 08910,Food & Drink,Sale,-11.40,
3749,03/08/2024,03/10/2024,AMZN Mktp US*R689Y3TG0,Merchandise & Inventory,Sale,-43.35,
3749,03/08/2024,03/10/2024,BURLINGAME ORTHO &amp; SPOR,Health & Wellness,Sale,-40.00,
3749,03/09/2024,03/10/2024,UBER   TRIP,Travel,Sale,-9.89,
3749,03/07/2024,03/08/2024,UBER   TRIP,Travel,Sale,-12.64,
3749,03/06/2024,03/07/2024,ONE MEDICAL,Health & Wellness,Sale,-20.00,
3749,03/07/2024,03/07/2024,UBER   EATS,Food & Drink,Sale,-37.25,
3749,03/07/2024,03/07/2024,UBER   TRIP,Travel,Sale,-12.93,
3749,03/06/2024,03/07/2024,UBER   TRIP,Travel,Sale,-9.98,
3749,03/06/2024,03/07/2024,UBER   TRIP,Travel,Sale,-9.89,
3749,03/05/2024,03/06/2024,SFMTA PARKING PERMITS,Bills & Utilities,Sale,-170.00,
4854,02/01/2024,02/01/2024,ANNUAL MEMBERSHIP FEE,Fees & Adjustments,Fee,-99.00,
